athlete_id,name
0,Precious Achiuwa
1,Steven Adams
2,Bam Adebayo
3,Ochai Agbaji
4,Santi Aldama
5,Nickeil Alexander-Walker
6,Grayson Allen
7,Jarrett Allen
8,Jose Alvarado
9,Kyle Anderson
10,Giannis Antetokounmpo
11,Thanasis Antetokounmpo
12,Cole Anthony
13,OG Anunoby
14,Ryan Arcidiacono
15,Deni Avdija
16,Deandre Ayton
17,Udoka Azubuike
18,Marvin Bagley III
19,Patrick Baldwin Jr.
20,LaMelo Ball
21,Mo Bamba
22,Paolo Banchero
23,Desmond Bane
24,Dalano Banton
25,Dominick Barlow
26,Harrison Barnes
27,Scottie Barnes
28,RJ Barrett
29,Will Barton
30,Charles Bassey
31,Keita Bates-Diop
32,Nicolas Batum
33,Darius Bazley
34,Bradley Beal
35,Malik Beasley
36,MarJon Beauchamp
37,Dāvis Bertāns
38,Patrick Beverley
39,Saddiq Bey
40,Khem Birch
41,Goga Bitadze
42,Bismack Biyombo
43,Buddy Boeheim
44,Bogdan Bogdanović
45,Bojan Bogdanović
46,Bol Bol
47,Leandro Bolmaro
48,Devin Booker
49,Brandon Boston Jr.
50,Chris Boucher
51,James Bouknight
52,Jamaree Bouyea
53,Tony Bradley
54,Malaki Branham
55,Jarrell Brantley
56,Christian Braun
57,Mikal Bridges
58,Oshae Brissett
59,Malcolm Brogdon
60,Dillon Brooks
61,Bruce Brown
62,Greg Brown III
63,Jaylen Brown
64,Kendall Brown
65,Moses Brown
66,Sterling Brown
67,Troy Brown Jr.
68,Jalen Brunson
69,Thomas Bryant
70,Reggie Bullock
71,Alec Burks
72,Deonte Burton
73,Jared Butler
74,Jimmy Butler
75,John Butler
76,Jamal Cain
77,Kentavious Caldwell-Pope
78,Facundo Campazzo
79,Vlatko Čančar
80,Clint Capela
81,Vernon Carey Jr.
82,Jevon Carter
83,Wendell Carter Jr.
84,Michael Carter-Williams
85,Alex Caruso
86,Julian Champagnie
87,Justin Champagnie
88,Kennedy Chandler
89,Max Christie
90,Josh Christopher
91,Brandon Clarke
92,Jordan Clarkson
93,Nic Claxton
94,Amir Coffey
95,John Collins
96,Zach Collins
97,Chance Comanche
98,Mike Conley
99,Pat Connaughton
100,Xavier Cooks
101,Robert Covington
102,Torrey Craig
103,Jae Crowder
104,Jarrett Culver
105,Cade Cunningham
106,Seth Curry
107,Stephen Curry
108,Dyson Daniels
109,Anthony Davis
110,Johnny Davis
111,Terence Davis
112,JD Davison
113,Darius Days
114,Dewayne Dedmon
115,Matthew Dellavedova
116,DeMar DeRozan
117,Moussa Diabaté
118,Mamadi Diakite
119,Hamidou Diallo
120,Gorgui Dieng
121,Ousmane Dieng
122,Spencer Dinwiddie
123,Donte DiVincenzo
124,Luka Dončić
125,Tyler Dorsey
126,Luguentz Dort
127,Ayo Dosunmu
128,Devon Dotson
129,Jeff Dowtin
130,PJ Dozier
131,Goran Dragić
132,Andre Drummond
133,Chris Duarte
134,David Duke Jr.
135,Kris Dunn
136,Kevin Durant
137,Jalen Duren
138,Tari Eason
139,Anthony Edwards
140,Kessler Edwards
141,Keon Ellis
142,Joel Embiid
143,Drew Eubanks
144,Bruno Fernando
145,Dorian Finney-Smith
146,Malachi Flynn
147,Simone Fontecchio
148,Bryn Forbes
149,Trent Forrest
150,Michael Foster Jr.
151,Evan Fournier
152,De'Aaron Fox
153,Markelle Fultz
154,Wenyen Gabriel
155,Daniel Gafford
156,Darius Garland
157,Usman Garuba
158,Luka Garza
159,Rudy Gay
160,Paul George
161,Taj Gibson
162,Josh Giddey
163,Shai Gilgeous-Alexander
164,Anthony Gill
165,Jacob Gilyard
166,Rudy Gobert
167,Jordan Goodwin
168,Aaron Gordon
169,Eric Gordon
170,Devonte' Graham
171,Jerami Grant
172,RaiQuan Gray
173,A.J. Green
174,Danny Green
175,Draymond Green
176,Jalen Green
177,JaMychal Green
178,Javonte Green
179,Jeff Green
180,Josh Green
181,AJ Griffin
182,Blake Griffin
183,Quentin Grimes
184,Rui Hachimura
185,Tyrese Haliburton
186,Jordan Hall
187,R.J. Hampton
188,Tim Hardaway Jr.
189,James Harden
190,Jaden Hardy
191,Ron Harper Jr.
192,Montrezl Harrell
193,Gary Harris
194,Joe Harris
195,Kevon Harris
196,Tobias Harris
197,Shaquille Harrison
198,Josh Hart
199,Isaiah Hartenstein
200,Udonis Haslem
201,Sam Hauser
202,Jaxson Hayes
203,Killian Hayes
204,Gordon Hayward
205,Juancho Hernangómez
206,Willy Hernangómez
207,Tyler Herro
208,Buddy Hield
209,Haywood Highsmith
210,George Hill
211,Malcolm Hill
212,Aaron Holiday
213,Jrue Holiday
214,Justin Holiday
215,Richaun Holmes
216,Al Horford
217,Talen Horton-Tucker
218,Danuel House Jr.
219,Caleb Houstan
220,Trevor Hudgins
221,Kevin Huerter
222,Jay Huff
223,De'Andre Hunter
224,Bones Hyland
225,Serge Ibaka
226,Andre Iguodala
227,Joe Ingles
228,Brandon Ingram
229,Kyrie Irving
230,Jonathan Isaac
231,Jaden Ivey
232,Frank Jackson
233,Isaiah Jackson
234,Jaren Jackson Jr.
235,Justin Jackson
236,Quenton Jackson
237,Reggie Jackson
238,LeBron James
239,Ty Jerome
240,Isaiah Joe
241,Alize Johnson
242,Cameron Johnson
243,Jalen Johnson
244,James Johnson
245,Keldon Johnson
246,Keon Johnson
247,Stanley Johnson
248,Nikola Jokić
249,Carlik Jones
250,Damian Jones
251,Derrick Jones Jr.
252,Herbert Jones
253,Kai Jones
254,Tre Jones
255,Tyus Jones
256,DeAndre Jordan
257,Cory Joseph
258,Nikola Jović
259,Johnny Juzang
260,Mfiondu Kabengele
261,Frank Kaminsky
262,Trevor Keels
263,Luke Kennard
264,Walker Kessler
265,Braxton Key
266,Louis King
267,Corey Kispert
268,Maxi Kleber
269,Nathan Knight
270,Kevin Knox
271,Christian Koloko
272,John Konchar
273,Furkan Korkmaz
274,Luke Kornet
275,Vit Krejci
276,Jonathan Kuminga
277,Kyle Kuzma
278,Anthony Lamb
279,Jock Landale
280,Romeo Langford
281,Jake LaRavia
282,Zach LaVine
283,A.J. Lawson
284,Damion Lee
285,Saben Lee
286,Alex Len
287,Kawhi Leonard
288,Meyers Leonard
289,Caris LeVert
290,Kira Lewis Jr.
291,Damian Lillard
292,Nassir Little
293,Isaiah Livers
294,Kenneth Lofton Jr.
295,Kevon Looney
296,Brook Lopez
297,Robin Lopez
298,Kevin Love
299,Kyle Lowry
300,Trey Lyles
301,Théo Maledon
302,Sandro Mamukelashvili
303,Terance Mann
304,Tre Mann
305,Boban Marjanović
306,Lauri Markkanen
307,Naji Marshall
308,Caleb Martin
309,Cody Martin
310,Kenyon Martin Jr.
311,Tyrese Martin
312,Garrison Mathews
313,Bennedict Mathurin
314,Wesley Matthews
315,Tyrese Maxey
316,Skylar Mays
317,Miles McBride
318,Mac McClung
319,CJ McCollum
320,T.J. McConnell
321,Jaden McDaniels
322,Jalen McDaniels
323,Doug McDermott
324,JaVale McGee
325,Bryce McGowens
326,Rodney McGruder
327,Jordan McLaughlin
328,De'Anthony Melton
329,Sam Merrill
330,Chimezie Metu
331,Khris Middleton
332,Patty Mills
333,Shake Milton
334,Justin Minaya
335,Josh Minott
336,Davion Mitchell
337,Donovan Mitchell
338,Evan Mobley
339,Isaiah Mobley
340,Chima Moneke
341,Malik Monk
342,Moses Moody
343,Xavier Moon
344,Wendell Moore Jr.
345,Ja Morant
346,Marcus Morris
347,Markieff Morris
348,Monte Morris
349,Trey Murphy III
350,Dejounte Murray
351,Jamal Murray
352,Keegan Murray
353,Mike Muscala
354,Svi Mykhailiuk
355,Larry Nance Jr.
356,Andrew Nembhard
357,Aaron Nesmith
358,Raul Neto
359,Georges Niang
360,Daishen Nix
361,Zeke Nnaji
362,Nerlens Noel
363,Jaylen Nowell
364,Frank Ntilikina
365,Kendrick Nunn
366,Jusuf Nurkić
367,Jordan Nwora
368,Royce O'Neale
369,Chuma Okeke
370,Josh Okogie
371,Onyeka Okongwu
372,Isaac Okoro
373,KZ Okpala
374,Victor Oladipo
375,Kelly Olynyk
376,Eugene Omoruyi
377,Cedi Osman
378,Kelly Oubre Jr.
379,Chris Paul
380,Cameron Payne
381,Gary Payton II
382,Theo Pinson
383,Scotty Pippen Jr.
384,Mason Plumlee
385,Jakob Poeltl
386,Aleksej Pokusevski
387,Jordan Poole
388,Kevin Porter Jr.
389,Michael Porter Jr.
390,Otto Porter Jr.
391,Bobby Portis
392,Kristaps Porziņģis
393,Micah Potter
394,Dwight Powell
395,Norman Powell
396,Jason Preston
397,Joshua Primo
398,Taurean Prince
399,Payton Pritchard
400,Trevelin Queen
401,Neemias Queta
402,Immanuel Quickley
403,Lester Quinones
404,Julius Randle
405,Austin Reaves
406,Cam Reddish
407,Davon Reed
408,Paul Reed
409,Naz Reid
410,Jared Rhoden
411,Nick Richards
412,Josh Richardson
413,Austin Rivers
414,Duncan Robinson
415,Mitchell Robinson
416,Orlando Robinson
417,Jeremiah Robinson-Earl
418,Isaiah Roby
419,David Roddy
420,Ryan Rollins
421,Derrick Rose
422,Terrence Ross
423,Terry Rozier
424,Ricky Rubio
425,D'Angelo Russell
426,Matt Ryan
427,Domantas Sabonis
428,Luka Šamanić
429,Dario Šarić
430,Olivier Sarr
431,Jordan Schakel
432,Admiral Schofield
433,Dennis Schröder
434,Jay Scrubb
435,Dereon Seabron
436,Alperen Şengün
437,Collin Sexton
438,Landry Shamet
439,Day'Ron Sharpe
440,Shaedon Sharpe
441,Pascal Siakam
442,Chris Silva
443,Ben Simmons
444,Kobi Simmons
445,Marko Simonovic
446,Anfernee Simons
447,Jericho Sims
448,Marcus Smart
449,Dennis Smith Jr.
450,Dru Smith
451,Ish Smith
452,Jabari Smith Jr.
453,Jalen Smith
454,Xavier Sneed
455,Jeremy Sochan
456,Jaden Springer
457,Lamar Stevens
458,Isaiah Stewart
459,Max Strus
460,Jalen Suggs
461,Edmond Sumner
462,Cole Swider
463,Jae'Sean Tate
464,Jayson Tatum
465,Terry Taylor
466,Garrett Temple
467,Dalen Terry
468,Daniel Theis
469,Cam Thomas
470,Klay Thompson
471,JT Thor
472,Matisse Thybulle
473,Xavier Tillman Sr.
474,Isaiah Todd
475,Obi Toppin
476,Juan Toscano-Anderson
477,Karl-Anthony Towns
478,Gary Trent Jr.
479,P.J. Tucker
480,Myles Turner
481,Stanley Umude
482,Jonas Valančiūnas
483,Jarred Vanderbilt
484,Fred VanVleet
485,Devin Vassell
486,Gabe Vincent
487,Noah Vonleh
488,Nikola Vučević
489,Dean Wade
490,Franz Wagner
491,Moritz Wagner
492,Ish Wainright
493,Jabari Walker
494,Kemba Walker
495,Lonnie Walker IV
496,John Wall
497,T.J. Warren
498,Duane Washington Jr.
499,P.J. Washington
500,TyTy Washington Jr.
501,Yuta Watanabe
502,Lindy Waters III
503,Trendon Watford
504,Peyton Watson
505,Blake Wesley
506,Russell Westbrook
507,Coby White
508,Derrick White
509,Jack White
510,Joe Wieskamp
511,Aaron Wiggins
512,Andrew Wiggins
513,Lindell Wigginton
514,Alondes Williams
515,Donovan Williams
516,Grant Williams
517,Jalen Williams
518,Jaylin Williams
519,Jeenathan Williams
520,Kenrich Williams
521,Mark Williams
522,Patrick Williams
523,Robert Williams
524,Vince Williams Jr.
525,Ziaire Williams
526,Zion Williamson
527,Dylan Windler
528,Justise Winslow
529,James Wiseman
530,Christian Wood
531,Delon Wright
532,McKinley Wright IV
533,Gabe York
534,Thaddeus Young
535,Trae Young
536,Omer Yurtseven
537,Cody Zeller
538,Ivica Zubac
539,LaMarcus Aldridge
540,Justin Anderson
541,Carmelo Anthony
542,Trevor Ariza
543,D.J. Augustin
544,Joel Ayayi
545,Lonzo Ball
546,Cat Barber
547,Paris Bass
548,Kent Bazemore
549,Jordan Bell
550,DeAndre' Bembry
551,Nemanja Bjelica
552,Eric Bledsoe
553,Keljin Blevins
554,Isaac Bonga
555,Avery Bradley
556,Ignas Brazdeikis
557,Miles Bridges
558,Armoni Brooks
559,Charlie Brown Jr.
560,Chaundee Brown Jr.
561,Shaq Buchanan
562,Trey Burke
563,Devontae Cacok
564,Devin Cannady
565,Willie Cauley-Stein
566,Ahmad Caver
567,Zylan Cheatham
568,Chris Chiozza
569,Marquese Chriss
570,Gary Clark
571,Darren Collison
572,Tyler Cook
573,Sharife Cooper
574,Petr Cornelie
575,DeMarcus Cousins
576,Jarron Cumberland
577,Ed Davis
578,Gabriel Deck
579,Sam Dekker
580,Javin DeLaurier
581,Cheick Diallo
582,Damyean Dotson
583,Sekou Doumbouya
584,Jaime Echenique
585,Carsen Edwards
586,Rob Edwards
587,CJ Elleby
588,Wayne Ellington
589,James Ennis III
590,Tacko Fall
591,Derrick Favors
592,Malik Fitts
593,Aleem Ford
594,Melvin Frazier
595,Tim Frazier
596,Enes Freedom
597,Danilo Gallinari
598,Langston Galloway
599,Marcus Garrett
600,Freddie Gillespie
601,Brandon Goodwin
602,Hassani Gravett
603,Kyle Guy
604,Tyler Hall
605,Maurice Harkless
606,Jared Harper
607,Aaron Henry
608,Solomon Hill
609,Nate Hinton
610,Jaylen Hoard
611,Rodney Hood
612,Scotty Hopson
613,Dwight Howard
614,Markus Howard
615,Elijah Hughes
616,Feron Hunt
617,Chandler Hutchison
618,Wes Iwundu
619,Josh Jackson
620,DeJon Jarreau
621,DaQuan Jeffries
622,B.J. Johnson
623,David Johnson
624,Joe Johnson
625,Tyler Johnson
626,Jemerrio Jones
627,Mason Jones
628,Georgios Kalaitzakis
629,George King
630,Brandon Knight
631,Arnoldas Kulboka
632,Jeremy Lamb
633,Jake Layman
634,Scottie Lewis
635,Didi Louzada
636,Gabriel Lundberg
637,Timothé Luwawu-Cabarrot
638,Kelan Martin
639,Dakota Mathias
640,Cameron McGriff
641,Alfonzo McKinnie
642,JaQuori McLaughlin
643,Ben McLemore
644,C.J. Miles
645,Paul Millsap
646,Greg Monroe
647,Matt Mooney
648,Juwan Morgan
649,Jaylen Morris
650,Emmanuel Mudiay
651,Mychal Mulder
652,Ade Murkey
653,Abdel Nader
654,RJ Nembhard Jr.
655,Malik Newman
656,David Nwaba
657,Semi Ojeleye
658,Cameron Oliver
659,Miye Oni
660,Daniel Oturu
661,Jaysean Paige
662,Trayvon Palmer
663,Kevin Pangos
664,Jabari Parker
665,Eric Paschall
666,Elfrid Payton
667,Norvel Pelle
668,Reggie Perry
669,Jamorko Pickett
670,Yves Pons
671,Myles Powell
672,Jahmi'us Ramsey
673,Justin Robinson
674,Rajon Rondo
675,Tomáš Satoranský
676,Tre Scott
677,Wayne Selden
678,Zavier Simpson
679,Deividas Sirvydis
680,Javonte Smart
681,Tony Snell
682,Cassius Stanley
683,Nik Stauskas
684,Lance Stephenson
685,Craig Sword
686,Keifer Sykes
687,Emanuel Terry
688,Tyrell Terry
689,Jon Teske
690,Brodric Thomas
691,Isaiah Thomas
692,Matt Thomas
693,Tristan Thompson
694,Killian Tillie
695,Rayjon Tucker
696,Denzel Valentine
697,M.J. Walker
698,Tyrone Wallace
699,Derrick Walton
700,Brad Wanamaker
701,Tremont Waters
702,Paul Watson
703,Quinndary Weatherspoon
704,Hassan Whiteside
705,Brandon Williams
706,Lou Williams
707,D.J. Wilson
708,Cassius Winston
709,Robert Woodard II
710,Moses Wright
711,Jaylen Adams
712,Ty-Shon Alexander
713,Al-Farouq Aminu
714,Kostas Antetokounmpo
715,Dwayne Bacon
716,Aron Baynes
717,Tyler Bey
718,Marques Bolden
719,Jordan Bone
720,Brian Bowen
721,Amida Brimah
722,Elijah Bryant
723,Bruno Caboclo
724,Quinn Cook
725,Nate Darling
726,Jared Dudley
727,Henry Ellenson
728,Dante Exum
729,Cristiano Felício
730,Terrance Ferguson
731,Yogi Ferrell
732,Robert Franks
733,Marc Gasol
734,Harry Giles
735,Ashton Hagans
736,Donta Hall
737,Josh Hall
738,Jalen Harris
739,Rondae Hollis-Jefferson
740,Ersan İlyasova
741,Justin James
742,Mike James
743,Rodions Kurucs
744,T.J. Leaf
745,Jalen Lecque
746,Will Magnay
747,Thon Maker
748,Karim Mané
749,Nico Mannion
750,Jeremiah Martin
751,Frank Mason III
752,Patrick McCaw
753,Sean McDermott
754,Nicolò Melli
755,Darius Miller
756,Adam Mokoka
757,E'Twaun Moore
758,James Nunnally
759,Jahlil Okafor
760,Anžejs Pasečņiks
761,Patrick Patterson
762,Justin Patton
763,Vincent Poirier
764,Jontay Porter
765,Chasson Randle
766,J.J. Redick
767,Cameron Reynolds
768,Grant Riller
769,Andre Roberson
770,Glenn Robinson III
771,Jerome Robinson
772,JaKarr Sampson
773,Mike Scott
774,Iman Shumpert
775,Alen Smailagić
776,Ray Spalding
777,Jeff Teague
778,Khyri Thomas
779,Sindarius Thornwell
780,Anthony Tolliver
781,Axel Toupane
782,Anderson Varejão
783,Greg Whittington
784,Kyle Alexander
785,Kadeem Allen
786,Ryan Anderson
787,J.J. Barea
788,Marco Belinelli
789,Dragan Bender
790,Jonah Bolden
791,Ky Bowman
792,Corey Brewer
793,Ryan Broekhoff
794,DeMarre Carroll
795,Vince Carter
796,Tyson Chandler
797,Wilson Chandler
798,Joe Chealey
799,Chris Clemons
800,Antonius Cleveland
801,Allen Crabbe
802,Jamal Crawford
803,Troy Daniels
804,Jacob Evans
805,Michael Frazier
806,Treveon Graham
807,Jerian Grant
808,Josh Gray
809,Marko Guduric
810,Devon Hall
811,Dusty Hannahs
812,John Henson
813,Dewan Hernandez
814,Kevin Hervey
815,Mario Hezonja
816,William Howard
817,Amile Jefferson
818,Stanton Kidd
819,Michael Kidd-Gilchrist
820,Kyle Korver
821,Skal Labissière
822,Vic Law
823,Courtney Lee
824,Daryl Macon
825,J.P. Macura
826,Josh Magette
827,Ian Mahinmi
828,Luc Mbah a Moute
829,Jordan McRae
830,Eric Mika
831,Malcolm Miller
832,Naz Mitrou-Long
833,Johnathan Motley
834,Džanan Musa
835,Shabazz Napier
836,Joakim Noah
837,Zach Norvell
838,Kyle O'Quinn
839,Elie Okobo
840,Tariq Owens
841,Jeremy Pargo
842,Chandler Parsons
843,Shamorie Ponds
844,Josh Reaves
845,Thabo Sefolosha
846,Marial Shayok
847,J.R. Smith
848,Zhaire Smith
849,Omari Spellman
850,Caleb Swanigan
851,Lance Thomas
852,Allonzo Trier
853,Evan Turner
854,Jarrod Uthoff
855,Dion Waiters
856,Johnathan Williams
857,Marvin Williams
858,Nigel Williams-Goss
859,Justin Wright-Foreman
860,Tyler Zeller
861,Ante Žižić
862,Álex Abrines
863,Quincy Acy
864,Deng Adel
865,DeVaughn Akoon-Purcell
866,Rawle Alkins
867,Ike Anigbogu
868,Ron Baker
869,Wade Baldwin
870,Jerryd Bayless
871,Michael Beasley
872,Dairis Bertāns
873,Antonio Blakeney
874,Jaron Blossomgame
875,Andrew Bogut
876,Isaiah Briscoe
877,MarShon Brooks
878,Lorenzo Brown
879,José Calderón
880,Isaiah Canaan
881,Omri Casspi
882,Troy Caupain
883,Tyler Cavanaugh
884,Ian Clark
885,Bonzie Colson
886,Mitch Creek
887,Dante Cunningham
888,Deyonta Davis
889,Tyler Davis
890,Ángel Delgado
891,Luol Deng
892,Marcus Derrickson
893,Trevon Duval
894,Vince Edwards
895,Jawun Evans
896,Tyreke Evans
897,Kenneth Faried
898,Raymond Felton
899,Jimmer Fredette
900,Channing Frye
901,Billy Garrett
902,Pau Gasol
903,Marcin Gortat
904,Donte Grantham
905,Gerald Green
906,Daniel Hamilton
907,Devin Harris
908,Andrew Harrison
909,Isaiah Hicks
910,Nenê
911,John Holland
912,Isaac Humphries
913,R.J. Hunter
914,Andre Ingram
915,Demetrius Jackson
916,John Jenkins
917,Jonas Jerebko
918,Amir Johnson
919,Wesley Johnson
920,Jalen Jones
921,Terrence Jones
922,Kosta Koufos
923,Walt Lemon Jr.
924,Jon Leuer
925,Jeremy Lin
926,Shaun Livingston
927,Zach Lofton
928,Jordan Loyd
929,Kalin Lucas
930,Tyler Lydon
931,Scott Machado
932,Shelvin Mack
933,Jarell Martin
934,Yante Maten
935,Tahjere McCall
936,Jodie Meeks
937,Salah Mejri
938,Nikola Mirotić
939,Eric Moreland
940,Donatas Motiejūnas
941,Dirk Nowitzki
942,Zaza Pachulia
943,Tony Parker
944,Miles Plumlee
945,Quincy Pondexter
946,Alex Poythress
947,Zhou Qi
948,Ivan Rabb
949,Malachi Richardson
950,Devin Robinson
951,Brandon Sampson
952,Jordan Sibert
953,Jonathon Simmons
954,Jason Smith
955,D.J. Stephens
956,Miloš Teodosić
957,Jared Terrell
958,Ekpe Udoh
959,Tyler Ulis
960,Dwyane Wade
961,Julian Washburn
962,Thomas Welsh
963,Okaro White
964,Alan Williams
965,C.J. Williams
966,Troy Williams
967,Guerschon Yabusele
968,Nick Young
